ad_set_id,campaign_id,age_group,gender,interest_code
103916,916,30-34,M,15
103917,916,30-34,M,16
103920,916,30-34,M,20
103928,916,30-34,M,28
103929,916,30-34,M,29
103940,916,30-34,M,15
103941,916,30-34,M,16
103951,916,30-34,M,27
103952,916,30-34,M,28
103955,916,30-34,M,31
103962,916,30-34,M,7
103965,916,30-34,M,16
103968,916,30-34,M,20
103976,916,30-34,M,28
103978,916,30-34,M,30
103979,916,30-34,M,31
103988,916,35-39,M,15
103989,916,35-39,M,16
104012,916,35-39,M,15
104013,916,35-39,M,16
104034,916,35-39,M,7
104049,916,35-39,M,29
104061,916,40-44,M,16
104085,916,40-44,M,16
104108,916,40-44,M,15
104109,916,40-44,M,16
104133,916,45-49,M,16
104140,916,45-49,M,24
104185,916,45-49,M,21
104205,916,30-34,F,16
104220,916,30-34,F,32
104228,916,30-34,F,15
104229,916,30-34,F,16
104230,916,30-34,F,18
104239,916,30-34,F,27
104252,916,30-34,F,15
104265,916,30-34,F,29
104270,916,30-34,F,63
104272,916,30-34,F,65
104285,916,35-39,F,25
104287,916,35-39,F,27
104328,916,35-39,F,20
104396,916,40-44,F,15
104419,916,45-49,F,10
104423,916,45-49,F,19
104438,916,45-49,F,63
104467,916,45-49,F,10
108654,936,30-34,M,10
108655,936,30-34,M,15
108660,936,30-34,M,21
108664,936,30-34,M,25
108665,936,30-34,M,26
108668,936,30-34,M,29
108672,936,30-34,M,36
108678,936,35-39,M,10
108680,936,35-39,M,16
108683,936,35-39,M,20
108686,936,35-39,M,23
108689,936,35-39,M,26
108690,936,35-39,M,27
108691,936,35-39,M,28
108692,936,35-39,M,29
108716,936,40-44,M,29
108720,936,40-44,M,36
108729,936,45-49,M,18
108730,936,45-49,M,19
108740,936,45-49,M,29
108742,936,45-49,M,31
108750,936,30-34,F,10
108752,936,30-34,F,16
108753,936,30-34,F,18
108761,936,30-34,F,26
108762,936,30-34,F,27
108764,936,30-34,F,29
108766,936,30-34,F,31
108770,936,30-34,F,64
108774,936,35-39,F,10
108776,936,35-39,F,16
108781,936,35-39,F,22
108786,936,35-39,F,27
108788,936,35-39,F,29
108791,936,35-39,F,32
108792,936,35-39,F,36
108793,936,35-39,F,63
108794,936,35-39,F,64
108797,936,40-44,F,7
108804,936,40-44,F,21
108809,936,40-44,F,26
108810,936,40-44,F,27
108811,936,40-44,F,28
108817,936,40-44,F,63
108818,936,40-44,F,64
108822,936,45-49,F,10
108823,936,45-49,F,15
108826,936,45-49,F,19
108827,936,45-49,F,20
108834,936,45-49,F,27
108836,936,45-49,F,29
109448,936,30-34,M,2
109451,936,30-34,M,15
109452,936,30-34,M,16
109470,936,30-34,M,27
109472,936,30-34,M,28
109473,936,30-34,M,29
109498,936,35-39,M,7
109507,936,35-39,M,16
109553,936,35-39,M,63
109565,936,40-44,M,10
109601,936,40-44,M,30
109629,936,45-49,M,16
109633,936,45-49,M,18
109637,936,45-49,M,20
109659,936,45-49,M,29
109689,936,30-34,F,16
109698,936,30-34,F,20
109706,936,30-34,F,23
109714,936,30-34,F,26
109717,936,30-34,F,27
109731,936,30-34,F,32
109738,936,30-34,F,64
109788,936,35-39,F,31
109808,936,40-44,F,10
109813,936,40-44,F,16
109816,936,40-44,F,18
109820,936,40-44,F,19
109826,936,40-44,F,21
109839,936,40-44,F,30
109844,936,40-44,F,64
109848,936,45-49,F,10
109850,936,45-49,F,16
109851,936,45-49,F,18
109852,936,45-49,F,19
109857,936,45-49,F,24
109859,936,45-49,F,26
110836,936,30-34,M,10
110837,936,30-34,M,15
110838,936,30-34,M,16
110842,936,30-34,M,21
110856,936,30-34,M,64
110861,936,35-39,M,15
110862,936,35-39,M,16
110867,936,35-39,M,22
110873,936,35-39,M,28
110874,936,35-39,M,29
110882,936,40-44,M,2
110886,936,40-44,M,16
110908,936,45-49,M,10
110910,936,45-49,M,16
110913,936,45-49,M,20
110914,936,45-49,M,21
110919,936,45-49,M,26
110932,936,30-34,F,10
110933,936,30-34,F,15
110934,936,30-34,F,16
110938,936,30-34,F,21
110939,936,30-34,F,22
110943,936,30-34,F,26
110944,936,30-34,F,27
110947,936,30-34,F,30
110951,936,30-34,F,63
110952,936,30-34,F,64
110962,936,35-39,F,21
110966,936,35-39,F,25
110967,936,35-39,F,26
110968,936,35-39,F,27
110970,936,35-39,F,29
110975,936,35-39,F,63
110982,936,40-44,F,16
111005,936,45-49,F,15
111006,936,45-49,F,16
111016,936,45-49,F,27
111018,936,45-49,F,29
111020,936,45-49,F,31
111024,936,45-49,F,64
115484,936,45-49,F,15
115485,936,45-49,F,16
115487,936,45-49,F,10
115490,936,40-44,F,63
115493,936,45-49,F,25
115495,936,45-49,F,23
115498,936,45-49,F,21
115500,936,45-49,F,19
115503,936,30-34,M,10
115508,936,45-49,F,29
115509,936,45-49,F,28
115510,936,30-34,M,16
115512,936,45-49,F,26
115513,936,30-34,M,15
115517,936,45-49,F,65
115520,936,45-49,F,63
115521,936,30-34,F,15
115523,936,30-34,F,16
115525,936,30-34,F,7
115527,936,30-34,F,10
115531,936,30-34,F,2
115533,936,45-49,M,63
115535,936,45-49,M,64
115536,936,40-44,M,29
115538,936,30-34,M,15
115541,936,30-34,M,16
115542,936,40-44,M,19
115545,936,40-44,M,16
115547,936,30-34,M,10
115551,936,30-34,M,2
115552,936,40-44,M,23
115561,936,40-44,M,2
115563,936,45-49,M,21
115564,936,45-49,M,20
115567,936,40-44,M,10
115568,936,45-49,M,18
115569,936,45-49,M,16
115571,936,35-39,M,36
115574,936,45-49,M,7
115580,936,40-44,M,63
115586,936,35-39,M,10
115587,936,45-49,M,36
115615,936,45-49,M,63
115619,936,35-39,M,16
115625,936,30-34,M,63
115629,936,40-44,M,27
115631,936,30-34,M,64
115637,936,30-34,M,65
115639,936,30-34,F,7
115641,936,40-44,M,29
115675,936,40-44,M,24
115677,936,35-39,M,24
115679,936,45-49,M,26
115691,936,45-49,M,28
115693,936,40-44,M,19
115697,936,45-49,M,29
115715,936,45-49,M,16
115717,936,40-44,M,7
115723,936,40-44,M,16
115735,936,35-39,M,64
115737,936,30-34,M,19
115743,936,30-34,M,18
115747,936,40-44,M,2
115756,936,30-34,M,20
115762,936,30-34,M,31
115784,936,35-39,M,27
115786,936,30-34,M,27
115792,936,30-34,M,26
115796,936,35-39,M,29
115798,936,30-34,M,29
115802,936,35-39,M,28
115804,936,30-34,M,28
115812,936,40-44,F,29
115822,936,40-44,F,27
115848,936,40-44,F,20
115854,936,40-44,M,29
115856,936,30-34,M,32
115858,936,40-44,F,18
115866,936,30-34,M,31
115870,936,40-44,M,32
115876,936,30-34,M,30
115878,936,40-44,F,22
115882,936,30-34,M,29
115890,936,35-39,M,29
115892,936,30-34,M,28
115898,936,35-39,F,64
115900,936,35-39,M,27
115904,936,35-39,F,63
115912,936,30-34,M,26
115938,936,35-39,F,27
115954,936,40-44,M,15
115962,936,35-39,F,30
116031,936,30-34,F,64
116033,936,45-49,M,64
116039,936,45-49,M,65
116053,936,35-39,F,10
116059,936,35-39,F,15
116061,936,30-34,F,15
116063,936,35-39,F,16
116065,936,30-34,F,16
116077,936,30-34,F,29
116081,936,30-34,F,28
116087,936,30-34,F,31
116089,936,45-49,M,10
116095,936,45-49,M,7
116103,936,30-34,F,32
116111,936,30-34,F,18
116115,936,35-39,M,10
116121,936,35-39,M,16
116123,936,30-34,F,20
116135,936,30-34,F,22
116147,936,30-34,F,25
116163,936,35-39,F,23
116183,936,45-49,F,29
116216,936,30-34,F,65
116218,936,30-34,F,64
116220,936,30-34,F,63
116240,936,30-34,F,28
116244,936,30-34,F,29
116246,936,45-49,F,10
116248,936,30-34,F,26
116252,936,30-34,F,27
116265,936,30-34,F,24
116267,936,45-49,F,18
116273,936,30-34,F,22
116277,936,30-34,F,23
116279,936,45-49,F,16
116285,936,30-34,F,21
116303,936,40-44,F,32
116323,936,40-44,F,22
116331,936,40-44,F,18
116339,936,40-44,F,10
116341,936,40-44,F,15
116343,936,40-44,F,16
116345,936,35-39,F,63
116347,936,35-39,F,64
116363,936,35-39,F,27
116367,936,35-39,F,29
116371,936,35-39,F,10
116385,936,30-34,M,63
116391,936,35-39,M,16
116395,936,35-39,M,15
116397,936,30-34,F,63
116405,936,30-34,F,32
116413,936,35-39,M,20
116427,936,45-49,F,26
116447,936,35-39,F,16
116455,936,30-34,M,20
116463,936,45-49,F,21
116467,936,30-34,M,18
116471,936,30-34,F,20
116479,936,30-34,M,24
116483,936,30-34,F,18
116501,936,30-34,F,16
116507,936,30-34,F,30
116509,936,30-34,M,29
116515,936,30-34,M,26
116517,936,40-44,F,63
116519,936,30-34,F,28
116525,936,30-34,F,29
116535,936,45-49,F,16
116547,936,45-49,F,10
116553,936,40-44,F,20
116569,936,40-44,F,28
116577,936,30-34,M,10
116587,936,40-44,F,27
116589,936,30-34,M,15
116595,936,35-39,F,29
116597,936,35-39,F,30
116605,936,35-39,F,26
116615,936,40-44,F,10
116623,936,35-39,F,64
123438,936,30-34,M,10
123440,936,30-34,M,16
123443,936,30-34,M,18
123445,936,30-34,M,20
123455,936,30-34,M,15
123457,936,30-34,M,16
123460,936,30-34,M,10
123464,936,40-44,M,20
123481,936,35-39,M,16
123484,936,30-34,M,64
123502,936,45-49,M,16
123504,936,45-49,M,15
123509,936,45-49,M,21
123514,936,30-34,M,21
123515,936,45-49,M,22
123516,936,40-44,M,36
123519,936,30-34,M,30
123523,936,30-34,M,32
123526,936,30-34,M,26
123528,936,30-34,M,29
123532,936,30-34,M,65
123535,936,30-34,M,64
123551,936,30-34,M,29
123555,936,30-34,M,28
123556,936,35-39,M,28
123558,936,30-34,M,27
123562,936,35-39,M,32
123567,936,30-34,M,24
123573,936,40-44,M,10
123588,936,45-49,M,36
123597,936,30-34,F,7
123599,936,30-34,F,10
123601,936,30-34,F,16
123611,936,45-49,M,16
123616,936,35-39,M,16
123627,936,45-49,F,26
123631,936,35-39,F,22
123639,936,35-39,F,18
123641,936,35-39,F,16
123643,936,35-39,F,15
123644,936,35-39,F,10
123649,936,30-34,F,64
123659,936,30-34,F,28
123660,936,45-49,F,10
123661,936,30-34,F,29
123662,936,30-34,F,26
123664,936,30-34,F,27
123668,936,30-34,F,25
123671,936,45-49,F,16
123677,936,45-49,F,20
123678,936,30-34,F,18
123684,936,40-44,F,27
123695,936,40-44,F,10
123700,936,40-44,F,2
123706,936,35-39,F,27
123709,936,35-39,F,10
123713,936,45-49,F,64
123720,936,35-39,F,22
123723,936,45-49,F,27
123724,936,45-49,F,26
123729,936,35-39,F,16
123733,936,45-49,F,20
123736,936,30-34,F,20
123750,936,30-34,F,28
123760,936,45-49,F,10
123765,936,40-44,F,16
123774,936,40-44,F,27
123777,936,35-39,F,29
144531,1178,30-34,M,10
144532,1178,30-34,M,15
144533,1178,30-34,M,16
144534,1178,30-34,M,18
144535,1178,30-34,M,19
144536,1178,30-34,M,20
144537,1178,30-34,M,21
144538,1178,30-34,M,22
144539,1178,30-34,M,23
144541,1178,30-34,M,24
144545,1178,30-34,M,25
144547,1178,30-34,M,26
144549,1178,30-34,M,27
144552,1178,30-34,M,28
144554,1178,30-34,M,29
144556,1178,30-34,M,30
144558,1178,30-34,M,31
144561,1178,30-34,M,32
144562,1178,30-34,M,36
144565,1178,30-34,M,63
144567,1178,30-34,M,64
144568,1178,30-34,M,65
144569,1178,30-34,M,2
144570,1178,30-34,M,7
144571,1178,30-34,M,66
144572,1178,35-39,M,10
144573,1178,35-39,M,15
144574,1178,35-39,M,16
144575,1178,35-39,M,18
144576,1178,35-39,M,19
144577,1178,35-39,M,20
144578,1178,35-39,M,21
144579,1178,35-39,M,22
144580,1178,35-39,M,23
144581,1178,35-39,M,24
144582,1178,35-39,M,25
144583,1178,35-39,M,26
144584,1178,35-39,M,27
144585,1178,35-39,M,28
144586,1178,35-39,M,29
144587,1178,35-39,M,30
144588,1178,35-39,M,31
144589,1178,35-39,M,32
144590,1178,35-39,M,36
144591,1178,35-39,M,63
144592,1178,35-39,M,64
144593,1178,35-39,M,65
144594,1178,35-39,M,2
144595,1178,35-39,M,7
144596,1178,35-39,M,66
144597,1178,40-44,M,10
144598,1178,40-44,M,15
144599,1178,40-44,M,16
144601,1178,40-44,M,19
144602,1178,40-44,M,20
144603,1178,40-44,M,21
144604,1178,40-44,M,22
144605,1178,40-44,M,23
144606,1178,40-44,M,24
144607,1178,40-44,M,25
144608,1178,40-44,M,26
144609,1178,40-44,M,27
144611,1178,40-44,M,29
144612,1178,40-44,M,30
144613,1178,40-44,M,31
144614,1178,40-44,M,32
144615,1178,40-44,M,36
144616,1178,40-44,M,63
144617,1178,40-44,M,64
144618,1178,40-44,M,65
144619,1178,40-44,M,2
144620,1178,40-44,M,7
144621,1178,40-44,M,66
144622,1178,45-49,M,10
144623,1178,45-49,M,15
144624,1178,45-49,M,16
144625,1178,45-49,M,18
144626,1178,45-49,M,19
144627,1178,45-49,M,20
144628,1178,45-49,M,21
144629,1178,45-49,M,22
144630,1178,45-49,M,23
144631,1178,45-49,M,24
144632,1178,45-49,M,25
144633,1178,45-49,M,26
144634,1178,45-49,M,27
144635,1178,45-49,M,28
144636,1178,45-49,M,29
144638,1178,45-49,M,31
144639,1178,45-49,M,32
144640,1178,45-49,M,36
144641,1178,45-49,M,63
144642,1178,45-49,M,64
144643,1178,45-49,M,65
144644,1178,45-49,M,2
144646,1178,45-49,M,66
144647,1178,30-34,F,10
144648,1178,30-34,F,15
144649,1178,30-34,F,16
144650,1178,30-34,F,18
144651,1178,30-34,F,19
144652,1178,30-34,F,20
144653,1178,30-34,F,21
144654,1178,30-34,F,22
144655,1178,30-34,F,23
144656,1178,30-34,F,24
144657,1178,30-34,F,25
144658,1178,30-34,F,26
144659,1178,30-34,F,27
144660,1178,30-34,F,28
144661,1178,30-34,F,29
144662,1178,30-34,F,30
144663,1178,30-34,F,31
144664,1178,30-34,F,32
144665,1178,30-34,F,36
144666,1178,30-34,F,63
144667,1178,30-34,F,64
144668,1178,30-34,F,65
144669,1178,30-34,F,2
144670,1178,30-34,F,7
144671,1178,30-34,F,66
144672,1178,35-39,F,10
144673,1178,35-39,F,15
144674,1178,35-39,F,16
144675,1178,35-39,F,18
144676,1178,35-39,F,19
144678,1178,35-39,F,21
144679,1178,35-39,F,22
144681,1178,35-39,F,24
144682,1178,35-39,F,25
144683,1178,35-39,F,26
144684,1178,35-39,F,27
144685,1178,35-39,F,28
144686,1178,35-39,F,29
144687,1178,35-39,F,30
144689,1178,35-39,F,32
144691,1178,35-39,F,63
144692,1178,35-39,F,64
144694,1178,35-39,F,2
144695,1178,35-39,F,7
144697,1178,40-44,F,10
144698,1178,40-44,F,15
144699,1178,40-44,F,16
144700,1178,40-44,F,18
144703,1178,40-44,F,21
144704,1178,40-44,F,22
144705,1178,40-44,F,23
144707,1178,40-44,F,25
144708,1178,40-44,F,26
144709,1178,40-44,F,27
144710,1178,40-44,F,28
144711,1178,40-44,F,29
144712,1178,40-44,F,30
144713,1178,40-44,F,31
144714,1178,40-44,F,32
144715,1178,40-44,F,36
144716,1178,40-44,F,63
144717,1178,40-44,F,64
144718,1178,40-44,F,65
144719,1178,40-44,F,2
144720,1178,40-44,F,7
144721,1178,40-44,F,66
144722,1178,45-49,F,10
144723,1178,45-49,F,15
144724,1178,45-49,F,16
144725,1178,45-49,F,18
144726,1178,45-49,F,19
144727,1178,45-49,F,20
144728,1178,45-49,F,21
144729,1178,45-49,F,22
144730,1178,45-49,F,23
144731,1178,45-49,F,24
144732,1178,45-49,F,25
144733,1178,45-49,F,26
144734,1178,45-49,F,27
144735,1178,45-49,F,28
144736,1178,45-49,F,29
144737,1178,45-49,F,30
144738,1178,45-49,F,31
144741,1178,45-49,F,63
144742,1178,45-49,F,64
144743,1178,45-49,F,65
179863,1178,30-34,M,100
179864,1178,30-34,M,101
179865,1178,30-34,M,102
179866,1178,30-34,M,103
179868,1178,30-34,M,105
179870,1178,30-34,M,107
179873,1178,30-34,M,110
179874,1178,30-34,M,111
179875,1178,30-34,M,112
179876,1178,30-34,M,113
179879,1178,35-39,M,101
179880,1178,35-39,M,102
179881,1178,35-39,M,103
179883,1178,35-39,M,105
179885,1178,35-39,M,107
179886,1178,35-39,M,108
179887,1178,35-39,M,109
179888,1178,35-39,M,110
179890,1178,35-39,M,112
179891,1178,35-39,M,113
179892,1178,35-39,M,114
179893,1178,40-44,M,100
179894,1178,40-44,M,101
179897,1178,40-44,M,104
179898,1178,40-44,M,105
179899,1178,40-44,M,106
179900,1178,40-44,M,107
179901,1178,40-44,M,108
179903,1178,40-44,M,110
179904,1178,40-44,M,111
179905,1178,40-44,M,112
179906,1178,40-44,M,113
179908,1178,45-49,M,100
179910,1178,45-49,M,102
179912,1178,45-49,M,104
179913,1178,45-49,M,105
179915,1178,45-49,M,107
179916,1178,45-49,M,108
179917,1178,45-49,M,109
179918,1178,45-49,M,110
179920,1178,45-49,M,112
179921,1178,45-49,M,113
179922,1178,45-49,M,114
179924,1178,30-34,F,101
179925,1178,30-34,F,102
179926,1178,30-34,F,103
179927,1178,30-34,F,104
179928,1178,30-34,F,105
179929,1178,30-34,F,106
179930,1178,30-34,F,107
179931,1178,30-34,F,108
179932,1178,30-34,F,109
179933,1178,30-34,F,110
179934,1178,30-34,F,111
179935,1178,30-34,F,112
179938,1178,35-39,F,100
179939,1178,35-39,F,101
179940,1178,35-39,F,102
179944,1178,35-39,F,106
179945,1178,35-39,F,107
179946,1178,35-39,F,108
179947,1178,35-39,F,109
179948,1178,35-39,F,110
179949,1178,35-39,F,111
179950,1178,35-39,F,112
179951,1178,35-39,F,113
179952,1178,35-39,F,114
179953,1178,40-44,F,100
179954,1178,40-44,F,101
179955,1178,40-44,F,102
179956,1178,40-44,F,103
179957,1178,40-44,F,104
179958,1178,40-44,F,105
179959,1178,40-44,F,106
179960,1178,40-44,F,107
179961,1178,40-44,F,108
179962,1178,40-44,F,109
179963,1178,40-44,F,110
179964,1178,40-44,F,111
179965,1178,40-44,F,112
179967,1178,40-44,F,114
179968,1178,45-49,F,100
179969,1178,45-49,F,101
179970,1178,45-49,F,102
179971,1178,45-49,F,103
179972,1178,45-49,F,104
179973,1178,45-49,F,105
179974,1178,45-49,F,106
179975,1178,45-49,F,107
179976,1178,45-49,F,108
179977,1178,45-49,F,109
179978,1178,45-49,F,110
179979,1178,45-49,F,111
179981,1178,45-49,F,113
179982,1178,45-49,F,114
