ad_id,ad_set_id,impressions,clicks,spend,total_conversions,approved_conversions
708746,103916,7350,1,1.43,2,1
708749,103917,17861,2,1.82,2,0
708771,103920,693,0,0.0,1,0
708815,103928,4259,1,1.25,1,0
708818,103928,4133,1,1.29,1,1
708820,103929,1915,0,0.0,1,1
708889,103940,15615,3,4.77,1,0
708895,103941,10951,1,1.27,1,1
708953,103951,2355,1,1.5,1,0
708958,103952,9502,3,3.16,1,0
708979,103955,1224,0,0.0,1,0
709023,103962,735,0,0.0,1,0
709038,103965,5117,0,0.0,1,0
709040,103965,5120,0,0.0,1,0
709059,103968,14669,7,10.28,1,1
709105,103976,1241,0,0.0,1,1
709115,103978,2305,1,0.57,1,0
709124,103979,1024,0,0.0,1,1
709179,103988,4627,1,1.69,1,0
709183,103989,21026,4,4.63,2,1
709320,104012,1422,0,0.0,1,1
709323,104012,7132,2,2.61,1,0
709326,104013,12190,2,3.05,1,0
709327,104013,12193,2,3.06,1,1
709328,104013,3332,0,0.0,1,1
709455,104034,559,0,0.0,1,0
709544,104049,7440,2,2.98,1,1
709614,104061,19113,4,5.52,1,0
709756,104085,10976,2,1.69,1,1
709761,104085,2861,0,0.0,1,0
709899,104108,1398,0,0.0,1,1
709901,104109,23817,7,8.47,1,1
710045,104133,47224,12,15.82,1,0
710088,104140,2283,1,1.47,1,0
710360,104185,2182,1,1.53,1,1
710477,104205,2654,0,0.0,1,1
710480,104205,57665,14,18.07,1,1
710571,104220,3091,1,1.61,1,1
710617,104228,5014,1,1.19,1,0
710623,104229,38726,7,9.22,1,0
710628,104230,1473,0,0.0,1,0
710682,104239,1186,0,0.0,1,0
710763,104252,5369,1,1.51,1,0
710836,104265,22221,7,9.43,1,1
710867,104270,1185,0,0.0,1,0
710880,104272,13019,5,6.96,1,0
710961,104285,2508,1,1.22,1,0
710968,104287,5864,2,2.8,1,1
711217,104328,2783,1,1.6,1,0
711623,104396,3812,1,1.13,2,1
711764,104419,11199,4,5.73,1,1
711785,104423,292,0,0.0,1,0
711877,104438,17572,7,9.38,1,0
712052,104467,1448,0,0.0,1,1
734209,108654,1772,0,0.0,1,1
734210,108654,13329,4,5.63,1,1
734215,108655,13659,3,3.84,1,0
734243,108660,739,0,0.0,1,1
734266,108664,605,0,0.0,1,0
734272,108665,1030,0,0.0,1,0
734290,108668,5374,1,1.04,4,0
734313,108672,790,0,0.0,1,1
734314,108672,962,0,0.0,1,0
734352,108678,4423,1,1.46,1,1
734361,108680,12382,2,2.84,1,1
734381,108683,2938,1,1.35,1,1
734399,108686,239,0,0.0,1,0
734418,108689,591,0,0.0,1,0
734421,108690,10332,4,5.75,1,0
734427,108691,8259,3,3.98,1,0
734433,108692,12158,3,4.45,1,0
734582,108716,7709,2,1.32,2,0
734605,108720,834,0,0.0,1,0
734660,108729,1299,0,0.0,2,0
734666,108730,371,0,0.0,1,0
734726,108740,10466,3,4.09,1,0
734737,108742,839,0,0.0,1,0
734785,108750,5576,1,1.53,1,1
734794,108752,4010,0,0.0,1,0
734796,108752,39337,7,10.03,1,1
734800,108753,1635,0,0.0,1,0
734803,108753,1631,0,0.0,1,0
734852,108761,13479,3,4.25,1,0
734854,108762,57022,13,20.29,3,3
734856,108762,5453,1,1.39,1,1
734866,108764,11803,3,4.44,1,0
734881,108766,4259,1,1.57,1,1
734901,108770,1554,0,0.0,1,0
734903,108770,5323,1,1.29,1,1
734925,108774,5024,1,1.41,1,1
734939,108776,104648,24,33.33,4,2
734968,108781,8504,3,3.34,1,1
734999,108786,20277,6,8.05,1,0
735014,108788,12403,4,5.21,1,1
735032,108791,498,0,0.0,1,1
735033,108792,652,0,0.0,0,0
735043,108793,1357,0,0.0,1,1
735048,108794,1393,0,0.0,1,0
735065,108797,648,0,0.0,1,0
735109,108804,708,0,0.0,1,1
735140,108809,6907,2,2.35,1,0
735143,108810,39035,13,19.33,1,0
735151,108811,926,0,0.0,1,0
735184,108817,4412,1,1.45,1,0
735189,108818,9965,3,4.05,1,0
735213,108822,73634,23,32.98,1,0
735220,108823,69708,20,31.29,1,0
735242,108826,530,0,0.0,1,0
735247,108827,14257,6,8.79,1,0
735289,108834,20362,5,9.12,1,1
735290,108834,12215,4,6.26,1,0
735298,108836,85412,28,38.64,2,1
736869,109448,2338,1,0.24,1,0
736890,109451,2522,0,0.0,1,0
736893,109452,3587,0,0.0,1,0
736977,109470,1273,0,0.0,1,0
736988,109472,3891,1,1.09,1,0
736995,109473,1888,0,0.0,1,0
736997,109473,1895,0,0.0,1,0
737097,109498,715,0,0.0,1,0
737130,109507,11199,2,2.68,1,0
737320,109553,5676,2,3.01,1,0
737375,109565,1415,0,0.0,1,0
737524,109601,2148,1,1.58,1,1
737644,109629,45401,10,14.06,1,0
737657,109633,7478,2,2.9,1,1
737658,109633,4919,1,1.59,1,0
737674,109637,533,0,0.0,1,1
737766,109659,1447,0,0.0,1,1
737896,109689,17553,3,4.59,1,0
737931,109698,3343,1,0.54,1,0
737961,109706,523,0,0.0,1,0
737995,109714,1873,0,0.0,1,0
738006,109717,34740,7,13.41,1,1
738067,109731,658,0,0.0,1,0
738098,109738,1539,0,0.0,1,0
738307,109788,3010,1,0.86,1,1
738389,109808,27081,9,10.77,1,1
738408,109813,20233,4,5.59,3,0
738413,109813,147159,36,58.16,3,1
738423,109816,21664,7,10.62,1,1
738436,109820,9112,4,5.46,1,1
738463,109826,542,0,0.0,1,0
738528,109839,402,0,0.0,1,1
738560,109844,1338,0,0.0,1,0
738582,109848,46150,15,20.18,1,1
738592,109850,493821,116,176.38,4,1
738593,109850,92011,27,34.39,2,1
738598,109851,12956,4,5.49,1,1
738606,109852,529,0,0.0,1,0
738637,109857,944,1,1.42,1,0
738648,109859,111090,38,51.97,5,1
747212,110836,7208,2,3.19,1,0
747213,110836,1746,0,0.0,1,0
747220,110837,2474,0,0.0,2,2
747222,110838,12489,2,1.96,1,0
747223,110838,8032,1,0.6,2,0
747248,110842,472,0,0.0,1,1
747332,110856,792,0,0.0,1,1
747362,110861,4607,1,1.15,1,1
747369,110862,13355,2,3.18,1,1
747370,110862,2936,0,0.0,1,0
747401,110867,2793,1,0.98,1,1
747435,110873,1032,0,0.0,1,0
747439,110874,1662,0,0.0,1,1
747489,110882,4016,2,1.48,1,1
747514,110886,14843,3,2.94,1,1
747645,110908,9674,3,4.6,1,1
747659,110910,12186,2,2.67,1,0
747675,110913,673,0,0.0,1,0
747678,110914,370,0,0.0,1,1
747712,110919,450,0,0.0,1,1
747790,110932,2077,0,0.0,1,1
747791,110932,31393,8,10.96,1,1
747795,110933,8410,2,2.36,1,1
747798,110934,25884,5,7.35,1,0
747824,110938,608,0,0.0,1,1
747828,110939,28488,10,9.34,1,0
747852,110943,10126,3,4.62,1,0
747859,110944,22572,5,8.5,1,0
747863,110944,1955,0,0.0,1,1
747879,110947,493,0,0.0,1,0
747903,110951,1491,0,0.0,1,1
747911,110952,1495,0,0.0,1,1
747968,110962,512,0,0.0,0,0
747991,110966,4868,2,2.42,1,0
748000,110967,6585,2,2.95,1,0
748007,110968,10164,2,3.72,1,1
748014,110970,11182,4,4.45,1,0
748045,110975,1238,0,0.0,1,0
748086,110982,34127,8,13.07,1,0
748087,110982,29466,7,10.85,2,0
748089,110982,38759,9,10.85,1,0
748091,110982,41720,10,12.06,1,1
748225,111005,18602,5,8.86,1,0
748230,111006,83929,21,27.73,4,1
748231,111006,25194,6,7.35,1,0
748233,111006,78627,19,26.53,1,0
748235,111006,102695,25,39.43,3,0
748294,111016,82827,24,47.93,3,0
748295,111016,9240,3,6.04,1,0
748303,111018,7706,2,2.37,1,0
748314,111020,7821,4,6.34,1,1
748341,111024,1363,0,0.0,1,1
776318,115484,3569,0,0.0,1,1
776322,115485,119063,34,53.22,1,0
776323,115485,99078,23,35.8,2,0
776325,115485,452398,114,180.22,1,0
776334,115487,191223,48,76.41,1,0
776336,115487,22216,6,9.55,1,0
776338,115487,48291,11,18.02,1,0
776353,115490,27559,8,13.37,1,0
776373,115493,10194,4,4.59,2,1
776383,115495,1168,0,0.0,1,1
776405,115498,40126,16,25.86,1,0
776416,115500,3659,1,0.49,1,1
776430,115503,3200,0,0.0,1,0
776464,115508,7550,1,1.68,1,1
776469,115509,45397,15,25.42,1,1
776473,115510,23086,2,3.31,1,1
776475,115510,16425,1,1.55,1,0
776476,115510,43756,5,5.44,0,0
776477,115510,9982,0,0.0,1,0
776489,115512,175389,55,81.61,1,0
776494,115513,7015,0,0.0,1,0
776515,115517,12706,3,4.99,1,1
776519,115517,70702,20,31.71,1,0
776533,115520,63927,16,25.52,2,0
776534,115520,15105,3,4.26,1,0
776538,115521,8774,1,1.83,1,0
776551,115523,14459,1,1.39,1,0
776552,115523,21596,2,2.81,1,0
776553,115523,66765,8,11.05,1,0
776563,115525,1369,0,0.0,1,1
776579,115527,26910,5,7.23,1,0
776603,115531,506,0,0.0,1,0
776615,115533,11988,3,4.27,1,0
776623,115535,19353,6,9.48,1,1
776631,115536,10960,2,2.89,1,0
776643,115538,33491,6,10.57,2,1
776644,115538,20083,2,3.2,2,1
776659,115541,8817,0,0.0,1,1
776661,115541,15466,1,0.97,1,0
776662,115541,27072,3,4.37,1,0
776663,115541,15753,1,0.57,1,1
776668,115542,3523,1,1.81,1,1
776685,115545,7745,0,0.0,1,0
776686,115545,18709,2,3.32,1,0
776687,115545,8022,0,0.0,2,1
776696,115547,7966,1,1.18,1,1
776697,115547,4132,0,0.0,1,1
776698,115547,12785,3,4.73,2,1
776699,115547,8213,1,1.38,1,1
776722,115551,545,0,0.0,1,1
776725,115552,2479,1,1.26,1,0
776780,115561,3812,2,3.05,1,0
776793,115563,1609,0,0.0,1,0
776799,115564,10257,3,3.58,1,1
776817,115567,12356,4,6.28,1,0
776825,115568,7410,1,1.21,1,0
776829,115569,140098,28,46.63,1,0
776831,115569,107021,20,34.44,1,0
776840,115571,2797,1,1.29,1,0
776861,115574,16461,6,9.22,1,0
776892,115580,17488,5,7.72,1,0
776928,115586,9750,2,1.5,1,1
776935,115587,1136,0,0.0,1,1
777105,115615,4333,1,0.18,1,1
777130,115619,6260,0,0.0,1,0
777131,115619,6359,0,0.0,1,0
777166,115625,2383,0,0.0,1,1
777187,115629,11292,3,5.39,1,1
777198,115631,12729,4,5.78,1,0
777200,115631,1898,0,0.0,1,1
777201,115631,1882,0,0.0,1,1
777235,115637,2883,1,0.99,1,1
777248,115639,3989,1,1.28,1,0
777261,115641,19603,4,5.28,1,1
777382,115675,3047,1,1.38,1,0
777398,115677,3029,1,1.05,1,1
777410,115679,3490,1,1.34,1,1
777482,115691,2479,0,0.0,1,0
777495,115693,19581,7,10.43,2,0
777519,115697,19537,5,6.1,1,0
777625,115715,59433,12,19.66,3,0
777627,115715,157534,33,56.19,2,0
777638,115717,1781,0,0.0,1,1
777670,115723,23769,4,6.03,1,0
777673,115723,7101,0,0.0,1,0
777742,115735,4726,1,1.83,1,1
777758,115737,5209,1,0.96,2,0
777794,115743,13473,3,2.62,3,0
777816,115747,500,0,0.0,1,1
777871,115756,4616,1,1.36,1,0
777904,115762,3279,0,0.0,1,0
777905,115762,3288,0,0.0,1,0
778037,115784,14615,4,6.05,1,0
778048,115786,56615,12,19.88,2,0
778085,115792,11735,3,4.53,1,1
778087,115792,15910,5,6.78,1,0
778112,115796,11446,2,3.09,1,1
778113,115796,4595,0,0.0,1,0
778124,115798,4871,0,0.0,1,0
778148,115802,3199,0,0.0,1,0
778156,115804,9388,2,3.14,1,0
778161,115804,17954,6,7.54,2,1
778208,115812,2755,0,0.0,1,0
778264,115822,8152,1,0.99,1,0
778266,115822,74542,19,34.15,1,0
778421,115848,6699,2,3.09,1,0
778422,115848,11911,4,3.96,1,0
778461,115854,10090,2,2.65,1,1
778471,115856,1273,0,0.0,1,1
778483,115858,24188,5,8.18,1,0
778529,115866,2214,0,0.0,1,0
778556,115870,9735,4,4.13,1,1
778590,115876,1371,0,0.0,1,1
778600,115878,10750,4,5.39,1,0
778626,115882,7629,1,0.72,1,1
778628,115882,4608,0,0.0,1,0
778674,115890,3732,0,0.0,1,0
778689,115892,7453,1,1.68,1,1
778722,115898,41785,14,19.1,1,0
778737,115900,8077,2,3.58,1,1
778756,115904,5602,1,1.58,1,0
778804,115912,6184,2,2.75,1,1
778808,115912,1738,0,0.0,1,0
778964,115938,112460,25,41.29,1,0
779057,115954,4414,0,0.0,1,0
779106,115962,14670,7,9.41,1,0
779438,116031,33144,9,13.41,1,0
779453,116033,4397,1,0.95,1,0
779488,116039,1006,0,0.0,1,0
779573,116053,89527,24,32.29,1,0
779608,116059,2459,0,0.0,1,0
779609,116059,7116,2,1.73,1,1
779622,116061,8613,1,0.89,2,0
779631,116063,9730,1,1.38,1,0
779644,116065,51816,8,10.23,2,1
779645,116065,27289,3,4.43,1,0
779715,116077,20409,4,3.83,1,0
779716,116077,8044,1,1.11,1,0
779738,116081,15645,4,5.35,1,0
779778,116087,2466,0,0.0,2,2
779789,116089,11611,3,3.95,1,1
779824,116095,9375,3,4.02,1,0
779871,116103,4402,1,1.33,1,1
779918,116111,8469,2,3.09,1,0
779922,116111,5823,1,1.42,1,1
779944,116115,2549,0,0.0,1,0
779979,116121,25817,4,6.02,1,0
779995,116123,1961,0,0.0,1,0
780064,116135,2554,0,0.0,1,0
780104,116147,4971,1,1.23,1,1
780199,116163,1030,0,0.0,1,1
780318,116183,162341,56,77.08,3,0
780323,116183,24542,7,9.33,1,0
780486,116216,2879,0,0.0,1,1
780498,116218,13621,3,4.09,1,0
780511,116220,6175,1,1.37,2,1
780629,116240,2963,0,0.0,1,0
780653,116244,9076,1,1.38,1,1
780655,116244,20941,4,5.91,1,1
780666,116246,3462,0,0.0,1,0
780681,116248,4073,0,0.0,1,1
780700,116252,3745,0,0.0,1,0
780748,116265,830,0,0.0,1,0
780759,116267,2912,0,0.0,1,0
780760,116267,17167,5,6.91,1,0
780797,116273,24491,7,9.54,1,0
780799,116273,44699,13,17.3,2,0
780821,116277,6469,2,1.31,1,0
780830,116279,16053,3,4.08,1,1
780835,116279,54724,12,17.93,1,1
780867,116285,4706,1,1.22,1,0
780974,116303,8316,3,4.57,1,1
781066,116323,5794,2,2.27,1,0
781114,116331,4813,1,1.03,1,0
781159,116339,85285,26,36.13,1,0
781162,116339,5839,1,1.37,1,0
781175,116341,5859,1,1.54,1,0
781187,116343,164118,41,59.07,1,0
781195,116345,18234,6,7.81,1,0
781207,116347,2755,0,0.0,1,0
781303,116363,73676,20,28.5,1,0
781305,116363,18421,7,10.08,1,0
781327,116367,164754,49,67.98,2,1
781353,116371,7449,1,1.64,1,1
781354,116371,6424,1,0.53,1,0
781438,116385,2086,0,0.0,1,0
781470,116391,6016,0,0.0,1,0
781499,116395,6412,1,1.37,1,0
781508,116397,5040,1,1.44,1,0
781556,116405,1772,0,0.0,1,0
781559,116405,1783,0,0.0,1,0
781606,116413,8200,3,3.92,1,0
781690,116427,115896,38,49.44,1,0
781811,116447,10186,1,1.23,1,1
781857,116455,9134,3,4.18,2,0
781858,116455,3385,1,1.44,1,1
781907,116463,1314,0,0.0,1,0
781928,116467,2916,0,0.0,1,1
781929,116467,6142,1,1.33,1,0
781950,116471,1984,0,0.0,1,0
781999,116479,9142,3,3.75,1,0
782001,116479,5475,2,2.73,1,1
782022,116483,8254,2,2.32,1,1
782026,116483,5704,1,1.32,1,0
782130,116501,7301,0,0.0,1,0
782134,116501,37873,5,6.17,1,1
782135,116501,25267,4,4.94,2,1
782171,116507,535,0,0.0,1,0
782180,116509,3396,0,0.0,1,0
782219,116515,977,0,0.0,1,0
782228,116517,12318,5,6.34,1,1
782242,116519,4783,1,0.86,1,0
782275,116525,6475,1,1.35,1,0
782337,116535,104578,29,39.25,1,1
782407,116547,33664,11,12.51,1,0
782443,116553,979,0,0.0,1,0
782541,116569,7337,3,4.08,1,0
782587,116577,2499,0,0.0,1,0
782647,116587,11244,3,4.55,1,0
782658,116589,4827,0,0.0,1,0
782694,116595,29035,7,8.91,2,2
782706,116597,761,0,0.0,1,0
782754,116605,6532,1,1.61,1,0
782815,116615,11537,3,4.3,1,0
782816,116615,12183,3,2.87,1,0
782862,116623,5912,1,1.56,1,1
950068,123438,4012,1,1.57,1,0
950078,123440,12396,2,3.21,2,1
950079,123440,3142,0,0.0,2,2
950099,123443,1120,0,0.0,1,0
950109,123445,343,0,0.0,1,1
950170,123455,1720,0,0.0,1,1
950179,123457,3423,0,0.0,1,1
950182,123457,3242,0,0.0,1,0
950183,123457,15720,1,1.38,1,0
950200,123460,1217,0,0.0,1,1
950224,123464,2367,2,2.84,1,1
950326,123481,6607,1,1.32,2,0
950345,123484,616,0,0.0,1,0
950452,123502,5537,1,1.52,1,0
950463,123504,818,0,0.0,1,0
950495,123509,1909,1,0.98,1,0
950521,123514,351,0,0.0,1,0
950531,123515,572,0,0.0,1,0
950537,123516,1884,1,1.41,1,0
950550,123519,219,0,0.0,1,0
950577,123523,540,0,0.0,1,1
950578,123523,550,0,0.0,1,0
950595,123526,465,0,0.0,1,0
950609,123528,1761,0,0.0,1,1
950629,123532,152,0,0.0,1,1
950631,123532,152,0,0.0,1,1
950649,123535,429,0,0.0,1,0
950745,123551,1514,0,0.0,2,2
950770,123555,7780,3,4.33,2,2
950772,123556,460,0,0.0,1,0
950773,123556,471,0,0.0,1,0
950776,123556,2633,1,1.07,1,0
950787,123558,199,0,0.0,1,0
950808,123562,398,0,0.0,1,0
950839,123567,246,0,0.0,2,2
950878,123573,2967,1,1.5,1,1
950969,123588,255,0,0.0,1,0
951021,123597,457,0,0.0,1,1
951033,123599,5517,1,1.23,1,0
951035,123599,1539,0,0.0,1,1
951043,123601,3189,0,0.0,1,0
951045,123601,3348,0,0.0,1,0
951046,123601,20050,4,4.66,4,1
951102,123611,2254,0,0.0,1,0
951105,123611,5894,1,1.54,1,1
951133,123616,9948,2,2.72,2,0
951202,123627,5307,3,4.29,2,1
951225,123631,4621,2,3.25,1,1
951270,123639,784,0,0.0,1,1
951282,123641,5775,1,1.58,1,1
951285,123641,9297,2,2.62,2,1
951294,123643,699,0,0.0,1,0
951305,123644,1104,0,0.0,1,0
951334,123649,3717,1,1.54,1,0
951391,123659,2879,1,1.59,2,2
951392,123659,2749,1,1.39,1,0
951400,123660,24028,9,12.39,2,0
951402,123661,1118,0,0.0,1,1
951413,123662,1083,0,0.0,2,1
951420,123664,843,0,0.0,1,0
951444,123668,2983,1,0.97,1,0
951448,123668,696,0,0.0,1,0
951462,123671,7589,2,3.15,1,1
951464,123671,20997,10,11.95,1,0
951465,123671,4617,1,1.36,1,0
951498,123677,259,0,0.0,1,0
951508,123678,1134,0,0.0,1,0
951542,123684,357,0,0.0,1,0
951607,123695,848,0,0.0,1,1
951608,123695,3149,1,1.48,1,0
951641,123700,87,0,0.0,1,1
951677,123706,2563,1,1.48,1,0
951692,123709,1107,0,0.0,1,0
951715,123713,10677,5,7.27,1,0
951756,123720,2189,1,0.41,1,0
951779,123723,3277,2,2.68,1,0
951782,123724,781,0,0.0,1,0
951810,123729,2226,0,0.0,1,0
951812,123729,16274,4,6.08,2,0
951837,123733,2077,1,1.51,1,1
951853,123736,529,0,0.0,0,0
951854,123736,487,0,0.0,1,0
951856,123736,4626,2,2.1,2,0
951941,123750,2764,1,1.56,1,1
952001,123760,5447,2,2.96,1,0
952031,123765,28169,8,12.37,1,1
952080,123774,415,0,0.0,1,0
952100,123777,810,0,0.0,1,1
1121091,144531,1194718,141,254.05,28,14
1121092,144531,637648,67,122.4,13,5
1121094,144531,24362,0,0.0,1,1
1121095,144531,459690,50,86.33,5,2
1121096,144531,750060,86,161.91,11,2
1121097,144532,30068,1,1.82,1,0
1121098,144532,1267550,123,236.77,24,10
1121100,144532,3052003,340,639.95,60,17
1121101,144532,29945,1,1.59,2,1
1121102,144532,357856,30,52.97,7,3
1121104,144533,2080666,202,360.15,40,21
1121105,144533,145999,9,16.52,5,2
1121107,144533,32616,1,1.54,2,0
1121108,144533,984521,95,163.9,26,14
1121110,144534,880814,123,210.36,6,2
1121111,144534,182452,20,35.73,4,1
1121113,144534,894911,120,215.84,7,4
1121114,144534,31349,2,3.8,1,0
1121115,144535,410310,55,96.8,3,0
1121116,144535,572450,89,157.33,7,4
1121117,144535,98759,15,26.57,1,1
1121119,144535,345371,54,93.09,7,3
1121121,144536,323899,46,78.92,5,1
1121122,144536,399199,58,103.15,3,0
1121123,144536,171202,22,36.53,3,1
1121124,144536,128386,15,28.85,2,1
1121125,144536,1034284,152,257.71,20,9
1121126,144536,45923,5,7.22,2,0
1121127,144537,40873,4,7.9,2,1
1121128,144537,286553,34,62.06,2,1
1121129,144537,20618,1,2.1,2,1
1121131,144537,83591,7,14.14,2,2
1121132,144537,114923,12,23.73,4,2
1121133,144538,25002,1,1.71,1,0
1121134,144538,68905,5,9.44,1,0
1121136,144538,169588,16,27.8,1,0
1121138,144538,328991,35,67.65,5,2
1121141,144539,23198,2,2.98,1,0
1121142,144539,26890,2,3.24,1,0
1121143,144539,221695,31,52.26,5,2
1121152,144541,88443,7,13.04,1,1
1121153,144541,187856,23,38.39,5,1
1121164,144545,570699,80,138.77,9,2
1121167,144545,1063508,145,260.38,23,7
1121168,144545,50523,6,8.55,1,0
1121172,144547,87935,9,15.63,1,0
1121173,144547,278225,33,60.2,3,0
1121175,144547,209461,20,34.19,1,0
1121177,144547,26316,2,3.24,3,0
1121181,144549,41030,3,5.14,2,1
1121182,144549,876671,120,216.56,22,4
1121183,144549,399392,53,93.07,5,0
1121184,144549,283858,30,56.06,1,0
1121185,144549,260699,31,54.1,5,2
1121193,144552,57781,5,7.8,2,1
1121195,144552,38757,3,5.22,1,0
1121196,144552,1392288,206,358.55,31,7
1121197,144552,1109387,159,280.99,13,2
1121202,144554,581281,65,115.12,10,5
1121203,144554,1048861,128,219.77,22,8
1121205,144554,297452,30,52.02,4,1
1121206,144554,227925,22,35.31,22,12
1121207,144554,374175,38,63.32,8,3
1121211,144556,223586,32,54.24,1,0
1121213,144556,283170,39,65.23,2,1
1121215,144556,41636,3,4.21,1,0
1121216,144556,198658,30,48.61,8,1
1121220,144558,100596,10,13.92,4,2
1121223,144558,64020,5,11.06,1,0
1121224,144558,14289,0,0.0,1,0
1121229,144561,404866,43,87.42,4,0
1121231,144561,22256,1,1.66,1,1
1121233,144561,57690,4,6.74,1,0
1121241,144562,24952,5,8.22,3,2
1121242,144562,38900,3,5.58,1,0
1121243,144562,53520,6,9.23,1,1
1121244,144562,181683,20,34.23,2,1
1121245,144562,29185,2,3.15,1,0
1121246,144562,105047,13,20.21,3,1
1121250,144565,287976,31,59.44,3,2
1121251,144565,212175,22,38.59,2,1
1121252,144565,11139,0,0.0,1,1
1121254,144565,124005,11,21.85,4,1
1121255,144565,20423,1,1.96,1,0
1121261,144567,103001,14,22.32,1,0
1121262,144567,447420,66,110.24,7,2
1121263,144567,156101,19,29.75,2,2
1121264,144567,93015,12,18.47,1,0
1121265,144568,145398,23,36.24,1,0
1121269,144568,296413,50,76.44,3,1
1121273,144569,9370,0,0.0,1,1
1121274,144569,63785,7,11.8,6,2
1121275,144569,118522,14,26.82,2,1
1121276,144569,240123,38,65.67,5,4
1121277,144570,169108,20,32.24,2,1
1121278,144570,1044442,142,245.6,22,8
1121279,144570,93891,11,17.64,5,3
1121282,144570,185823,25,38.55,4,1
1121284,144571,175631,23,40.76,1,0
1121285,144571,37187,4,6.37,1,0
1121286,144571,10991,0,0.0,1,0
1121287,144571,344618,51,89.76,3,1
1121289,144572,98066,9,16.15,1,0
1121290,144572,770749,100,189.13,13,3
1121291,144572,52553,5,8.53,1,0
1121292,144572,362296,39,67.77,7,3
1121293,144572,427729,50,96.9,4,1
1121296,144573,180351,21,37.13,1,1
1121297,144573,187329,29,53.16,2,1
1121300,144573,782894,118,192.93,5,2
1121302,144574,1206533,128,236.12,17,6
1121303,144574,84494,7,12.57,2,0
1121304,144574,94257,7,12.58,1,1
1121309,144575,131060,16,28.05,2,1
1121310,144575,341603,50,83.48,4,2
1121311,144575,140749,19,30.48,1,1
1121312,144575,102525,13,20.3,2,1
1121316,144576,447952,68,131.58,8,1
1121317,144576,76355,9,14.63,2,0
1121319,144577,256598,38,64.47,6,1
1121321,144577,127476,21,30.15,3,2
1121322,144577,237603,37,62.25,5,2
1121327,144578,271091,42,78.04,3,1
1121330,144578,21743,2,3.4,1,0
1121333,144579,88970,10,14.83,2,0
1121334,144579,108362,13,22.43,1,1
1121335,144579,188596,27,44.14,3,0
1121336,144579,275080,43,69.66,4,3
1121337,144580,64647,10,16.27,1,0
1121338,144580,31265,4,5.79,1,0
1121340,144580,140147,24,42.08,2,0
1121341,144580,223120,40,67.67,1,0
1121342,144580,104869,18,34.07,1,0
1121344,144581,165177,23,41.72,4,1
1121345,144581,84194,11,19.57,1,0
1121347,144581,220581,31,57.37,1,1
1121350,144582,75804,10,17.37,2,1
1121352,144582,368986,59,100.29,0,0
1121353,144582,28194,3,3.71,2,0
1121355,144583,99961,14,23.21,1,0
1121359,144583,7573,0,0.0,1,0
1121361,144584,685781,103,177.89,10,1
1121364,144584,274222,43,66.77,2,1
1121365,144584,110503,25,32.68,4,0
1121367,144585,1447755,233,420.58,11,8
1121368,144585,358987,52,87.55,1,0
1121369,144585,826205,125,232.37,5,1
1121370,144585,550954,84,150.14,3,0
1121372,144585,378350,55,96.48,4,0
1121373,144586,492784,56,95.51,7,4
1121374,144586,327158,43,72.31,6,2
1121375,144586,9921,0,0.0,1,0
1121377,144586,59390,5,9.21,5,3
1121378,144586,1040330,147,254.25,13,2
1121379,144587,49422,6,11.17,1,0
1121380,144587,131091,18,34.23,3,1
1121381,144587,95691,15,25.26,1,1
1121390,144588,15513,1,1.29,1,0
1121391,144589,382537,63,113.99,4,3
1121394,144589,461356,64,121.1,6,3
1121395,144589,392541,53,98.7,3,2
1121398,144590,35088,5,8.8,1,1
1121400,144590,53933,6,9.93,3,1
1121403,144591,228861,33,53.39,4,2
1121405,144591,20959,2,3.77,1,1
1121410,144592,24992,2,3.19,1,0
1121411,144592,100351,15,24.18,2,1
1121412,144592,292448,43,76.9,2,1
1121413,144592,65060,7,14.52,1,1
1121414,144592,133316,21,36.17,2,0
1121415,144593,113501,26,38.44,5,4
1121418,144593,192810,41,61.93,4,3
1121421,144594,233404,43,70.41,2,1
1121422,144594,128843,24,37.6,2,0
1121423,144594,63564,12,20.59,2,0
1121425,144594,85970,14,24.78,1,1
1121428,144595,131232,16,29.54,1,1
1121429,144595,152454,22,37.85,1,1
1121430,144595,28989,2,2.29,1,0
1121433,144596,80248,15,24.19,1,1
1121437,144596,38580,5,8.52,1,0
1121439,144597,621591,91,163.36,5,1
1121440,144597,250499,36,58.14,3,1
1121442,144597,131637,18,29.31,2,1
1121443,144597,463813,69,116.34,4,2
1121444,144597,211767,35,60.9,5,1
1121446,144598,163181,26,40.02,1,1
1121451,144599,1117385,147,260.07,11,2
1121452,144599,1663441,205,359.47,17,6
1121453,144599,455248,54,105.71,5,2
1121454,144599,75589,6,10.66,1,1
1121455,144599,594267,82,143.3,3,2
1121456,144599,315281,35,65.03,1,0
1121464,144601,363456,71,117.56,7,1
1121466,144601,438983,81,143.43,3,1
1121467,144601,42563,5,9.66,1,1
1121469,144602,399035,75,124.8,7,3
1121471,144602,304680,59,98.55,3,0
1121472,144602,140596,23,40.77,1,0
1121473,144602,439986,80,134.88,4,3
1121474,144602,75803,11,19.36,2,2
1121477,144603,7073,0,0.0,1,0
1121481,144604,153586,28,43.01,2,0
1121482,144604,180815,31,42.63,1,0
1121483,144604,253169,51,75.79,1,0
1121484,144604,34453,5,7.71,1,1
1121487,144605,51550,8,14.04,1,0
1121489,144605,110018,24,39.86,1,0
1121493,144606,137584,21,36.78,1,0
1121497,144606,209825,30,54.87,1,0
1121499,144607,264222,63,87.79,1,1
1121510,144608,31202,5,6.73,1,0
1121511,144609,252991,49,76.84,3,0
1121514,144609,56265,9,15.54,1,0
1121523,144611,76923,11,17.67,2,2
1121524,144611,209332,30,49.6,3,1
1121525,144611,214094,31,53.27,1,0
1121526,144611,526209,85,126.93,3,2
1121527,144611,741143,120,179.62,4,1
1121528,144611,172827,25,38.42,2,0
1121530,144612,188873,38,58.6,1,1
1121532,144612,123126,25,39.73,2,1
1121535,144613,77794,14,19.11,1,1
1121541,144614,56630,9,15.81,1,1
1121544,144614,400844,85,140.97,4,2
1121545,144614,208572,36,60.76,2,1
1121548,144615,59004,8,13.51,1,0
1121551,144615,196253,32,55.1,1,0
1121554,144616,51858,8,12.63,1,1
1121557,144616,280764,49,81.36,2,1
1121561,144617,63660,11,16.47,1,1
1121562,144617,109289,19,31.03,1,0
1121568,144618,188440,40,60.73,2,1
1121571,144619,212496,44,74.83,2,1
1121572,144619,32574,5,7.48,1,0
1121575,144619,128595,23,36.48,1,1
1121577,144620,242234,48,68.06,2,0
1121584,144621,33154,5,7.88,1,1
1121585,144621,9773,1,1.46,1,0
1121589,144622,464036,77,123.55,3,1
1121590,144622,478480,75,135.75,3,1
1121592,144622,428812,66,116.88,4,2
1121593,144622,1177535,221,365.66,15,3
1121594,144622,426500,72,128.28,4,1
1121597,144623,54237,7,10.78,2,1
1121598,144623,506916,89,133.7,2,2
1121599,144623,250960,42,64.88,2,0
1121601,144624,2286228,353,603.38,16,7
1121602,144624,915451,125,220.56,6,1
1121603,144624,159478,20,33.9,3,1
1121605,144624,1228924,190,318.97,6,3
1121606,144624,938283,134,248.64,7,2
1121607,144625,154572,26,40.93,1,1
1121609,144625,378171,70,109.25,1,0
1121612,144625,468749,84,134.12,6,1
1121613,144626,309823,60,103.39,4,4
1121615,144626,327227,65,116.56,5,0
1121616,144626,334945,72,120.3,2,1
1121617,144626,68859,15,25.46,1,0
1121619,144627,127125,20,35.68,2,0
1121620,144627,415798,80,131.78,3,1
1121622,144627,107671,20,29.91,1,1
1121623,144627,164356,28,46.79,2,1
1121624,144627,17662,2,3.19,1,0
1121627,144628,65339,10,16.68,2,0
1121628,144628,59838,7,11.11,1,0
1121629,144628,381577,81,127.57,2,0
1121635,144629,45491,8,11.01,1,0
1121638,144630,18946,2,3.6,1,0
1121641,144630,114370,18,33.66,1,0
1121642,144630,99698,21,33.35,1,0
1121644,144631,355165,81,128.61,4,3
1121650,144632,101431,23,33.93,1,1
1121652,144632,123151,24,36.44,2,1
1121660,144633,24078,4,5.77,1,0
1121661,144634,517801,105,181.72,3,0
1121662,144634,145104,25,41.42,2,1
1121664,144634,179950,35,58.68,1,0
1121665,144634,258531,46,80.34,2,0
1121666,144634,272500,62,104.46,3,0
1121667,144635,273197,57,87.73,3,0
1121668,144635,775904,172,253.99,4,2
1121669,144635,120251,26,39.44,1,0
1121671,144635,139406,24,39.05,1,0
1121672,144635,60314,11,16.94,2,1
1121673,144636,563074,86,142.71,4,2
1121674,144636,168655,18,27.3,2,0
1121675,144636,111963,17,29.38,2,1
1121676,144636,1026304,168,277.58,17,8
1121677,144636,1391924,258,422.84,17,10
1121678,144636,147551,22,38.5,1,0
1121685,144638,66794,9,17.33,1,1
1121687,144638,118882,19,32.31,2,1
1121689,144638,148010,24,41.97,1,0
1121691,144639,932890,197,352.45,3,1
1121692,144639,718359,147,264.59,4,1
1121693,144639,433658,82,158.6,5,2
1121695,144639,29455,3,4.77,1,0
1121701,144640,23973,3,4.82,1,1
1121705,144641,126480,25,37.26,1,1
1121706,144641,138959,28,39.52,1,0
1121708,144641,68829,12,19.48,1,0
1121711,144642,49916,10,16.38,1,1
1121716,144643,76014,16,22.67,1,1
1121723,144644,50947,10,15.99,1,0
1121733,144646,55536,11,17.05,1,0
1121741,144647,318042,46,64.41,8,4
1121742,144647,213016,30,44.22,8,2
1121745,144648,182265,27,38.18,2,1
1121746,144648,1117371,177,268.05,26,5
1121749,144648,333345,52,77.59,5,1
1121751,144649,275930,30,46.78,5,2
1121753,144649,740631,101,153.12,9,1
1121754,144649,328272,35,55.99,2,1
1121755,144649,178455,20,31.54,6,3
1121756,144649,705712,98,147.34,6,1
1121758,144650,690373,91,159.57,5,2
1121759,144650,515812,69,117.63,3,1
1121760,144650,764793,101,171.98,4,2
1121763,144651,87832,11,18.1,1,1
1121764,144651,23368,3,4.3,1,0
1121765,144651,51509,7,11.57,1,0
1121767,144651,87043,16,24.48,2,0
1121768,144651,565565,113,169.67,7,4
1121769,144652,253758,43,62.14,4,1
1121773,144652,319131,51,76.68,6,1
1121774,144652,670608,130,195.15,11,3
1121775,144653,159123,25,38.36,5,3
1121776,144653,103709,15,24.57,3,1
1121779,144653,271589,45,74.41,9,3
1121780,144653,119772,20,33.47,5,2
1121782,144654,26340,3,4.22,1,1
1121783,144654,594968,111,147.67,4,0
1121791,144655,6838,0,0.0,1,0
1121793,144656,185665,39,62.14,1,0
1121795,144656,24959,3,4.56,1,1
1121796,144656,136967,23,35.06,3,1
1121798,144656,107548,19,29.31,1,0
1121803,144657,588617,119,169.92,2,0
1121806,144658,190560,26,41.63,3,1
1121807,144658,373110,49,75.7,4,2
1121812,144659,935646,170,256.47,19,6
1121814,144659,2223278,421,612.3,38,13
1121815,144659,240497,36,51.84,1,0
1121816,144659,259984,37,54.79,5,0
1121817,144660,606786,127,179.05,11,3
1121818,144660,83270,13,17.74,1,0
1121819,144660,1189509,268,375.72,7,3
1121820,144660,11471,1,1.57,0,0
1121824,144661,1705246,295,429.48,23,10
1121826,144661,418016,63,95.85,3,1
1121827,144661,30155,3,3.82,1,0
1121828,144661,990404,153,226.54,12,6
1121829,144662,187468,34,50.72,2,1
1121832,144662,208301,33,54.57,1,0
1121833,144662,101856,16,25.22,4,1
1121835,144663,48935,7,9.97,1,1
1121839,144663,13911,1,1.73,1,1
1121841,144664,511726,77,123.09,8,4
1121843,144664,177452,24,37.83,2,0
1121844,144664,149808,20,33.04,1,1
1121845,144664,390339,60,105.02,9,6
1121846,144664,8350,0,0.0,1,0
1121847,144665,39339,4,5.93,1,0
1121854,144666,8587,0,0.0,1,0
1121855,144666,24893,2,3.75,1,0
1121856,144666,1296189,212,343.26,14,4
1121857,144666,91607,12,19.19,2,1
1121859,144667,238036,38,61.03,6,3
1121860,144667,254344,35,56.17,2,1
1121861,144667,157705,23,39.23,2,0
1121862,144667,411571,60,99.18,6,1
1121863,144667,94136,11,16.18,1,0
1121867,144668,82640,16,23.97,1,1
1121869,144668,17870,2,2.62,1,1
1121871,144669,19178,2,2.78,1,1
1121873,144669,5264,0,0.0,1,0
1121874,144669,145548,28,42.37,2,1
1121876,144669,82455,15,22.05,1,0
1121877,144670,44189,7,10.32,2,0
1121878,144670,45199,7,9.81,1,0
1121881,144670,221843,43,63.45,5,0
1121888,144671,41672,6,10.55,2,1
1121889,144672,127546,25,38.94,2,0
1121890,144672,127865,28,38.03,3,1
1121891,144672,1025327,229,314.3,16,2
1121894,144672,561415,124,173.76,3,0
1121895,144673,132803,25,37.32,2,1
1121897,144673,24664,2,2.63,1,1
1121901,144674,1020561,172,263.81,7,3
1121902,144674,682143,114,177.11,6,2
1121903,144674,1247717,222,343.42,11,4
1121904,144674,146406,23,33.23,1,1
1121905,144674,905699,161,234.66,4,1
1121906,144674,1184580,194,297.83,14,3
1121907,144675,98057,20,31.01,1,1
1121917,144676,238735,56,84.66,4,1
1121918,144676,320657,77,115.88,2,0
1121925,144678,244074,57,84.51,4,2
1121928,144678,39146,8,13.06,1,0
1121931,144679,78468,15,23.65,1,0
1121933,144679,325653,63,89.35,2,0
1121935,144679,66277,12,17.3,1,0
1121936,144679,93002,16,23.34,1,0
1121944,144681,109723,27,40.96,1,0
1121948,144681,118941,35,50.11,4,1
1121949,144682,221576,47,66.79,6,1
1121953,144682,8341,1,1.64,1,0
1121954,144682,120335,26,36.23,2,0
1121955,144683,182098,40,62.87,1,1
1121956,144683,227473,52,71.58,1,1
1121962,144684,1050947,230,350.51,6,1
1121963,144684,720859,162,213.69,13,5
1121971,144685,41111,8,10.96,1,0
1121973,144686,148616,25,37.4,6,4
1121976,144686,707260,135,210.82,13,6
1121977,144686,139596,26,42.41,1,1
1121983,144687,105399,22,33.2,2,0
1121994,144689,222378,50,72.91,1,0
1122003,144691,975792,210,293.88,10,4
1122004,144691,579150,125,167.05,5,1
1122005,144691,449588,81,123.8,5,2
1122006,144691,318157,56,85.7,3,0
1122007,144691,196967,43,65.18,2,1
1122011,144692,158298,37,46.43,4,1
1122012,144692,222739,55,68.56,5,2
1122022,144694,20780,5,8.19,1,0
1122027,144695,128616,33,48.55,2,0
1122039,144697,258954,61,82.28,1,0
1122040,144697,205289,48,71.53,3,0
1122041,144697,611601,138,191.42,8,3
1122043,144697,947657,233,321.87,8,4
1122044,144697,233043,49,65.03,2,0
1122047,144698,582725,142,194.81,9,2
1122052,144699,265038,51,78.46,2,1
1122054,144699,222273,39,53.63,6,1
1122055,144699,797234,170,243.77,4,1
1122056,144699,925555,182,262.89,4,2
1122058,144700,22210,3,4.05,1,1
1122075,144703,46391,11,16.41,3,1
1122078,144703,190477,42,66.39,1,0
1122079,144703,25382,7,9.61,1,0
1122085,144704,65726,17,22.12,2,0
1122089,144705,195220,51,78.06,1,0
1122092,144705,107501,27,40.88,2,2
1122101,144707,197772,63,88.21,7,2
1122102,144707,138154,35,48.94,1,0
1122103,144707,270124,69,95.85,2,0
1122105,144708,303971,77,106.93,11,6
1122107,144708,682046,183,254.42,4,2
1122109,144708,328365,83,117.34,2,1
1122112,144709,1083259,276,390.26,11,0
1122113,144709,913929,245,340.41,7,2
1122118,144710,101586,24,33.47,2,1
1122120,144710,181053,46,66.28,3,1
1122121,144710,133419,35,48.18,2,1
1122125,144711,489573,113,156.12,3,2
1122127,144711,822023,194,288.33,6,0
1122131,144712,93176,29,40.37,1,1
1122138,144713,47229,13,19.28,1,0
1122139,144713,92263,24,34.03,1,0
1122140,144713,81551,21,29.67,1,0
1122145,144714,141037,32,47.79,3,0
1122146,144714,319501,79,111.65,0,0
1122149,144715,72741,19,24.33,2,0
1122154,144716,597419,135,188.51,2,1
1122157,144716,98768,21,33.14,1,1
1122160,144717,173165,41,59.85,1,0
1122165,144718,55823,13,21.11,1,1
1122166,144718,118451,28,38.35,4,1
1122176,144719,74424,22,30.84,1,1
1122177,144720,47929,12,14.59,1,1
1122182,144720,40801,12,15.92,0,0
1122183,144721,66017,17,24.22,1,0
1122189,144722,725043,179,238.4,5,3
1122191,144722,382776,97,132.73,5,1
1122192,144722,548250,137,201.6,5,1
1122193,144722,1358324,346,465.08,8,2
1122197,144723,662249,163,234.94,2,0
1122200,144723,559554,139,195.08,2,0
1122201,144724,320757,68,104.69,2,0
1122202,144724,906151,202,295.55,1,0
1122203,144724,699314,164,226.03,3,0
1122204,144724,850337,198,287.69,3,1
1122205,144724,1015460,247,315.9,9,2
1122209,144725,890295,227,332.99,1,0
1122210,144725,791817,194,282.49,4,2
1122211,144725,317601,76,115.66,1,0
1122212,144725,685211,164,247.32,4,3
1122213,144726,32781,7,11.2,2,2
1122216,144726,76785,19,25.46,3,0
1122217,144726,719083,206,299.53,12,5
1122223,144727,368480,107,140.42,5,4
1122224,144727,260945,73,100.88,2,2
1122225,144728,40998,10,13.35,1,0
1122227,144728,183293,53,73.75,2,1
1122232,144729,221561,55,76.76,1,0
1122233,144729,436943,109,145.82,1,1
1122240,144730,284488,90,125.27,1,1
1122244,144731,85083,32,38.63,1,1
1122246,144731,14167,5,7.14,1,0
1122249,144732,300637,84,116.99,2,0
1122253,144732,449921,129,175.97,5,1
1122254,144732,282899,71,105.66,1,0
1122257,144733,669671,186,259.18,4,1
1122258,144733,108655,28,46.92,1,0
1122260,144733,536248,146,187.74,3,0
1122262,144734,1055017,265,380.66,16,2
1122265,144734,1428421,367,541.7,10,0
1122266,144734,1088027,272,409.56,9,4
1122267,144735,288517,78,102.39,3,0
1122268,144735,202231,53,67.13,3,1
1122270,144735,73222,16,22.86,1,0
1122271,144735,348542,96,134.89,2,0
1122273,144736,1097966,266,369.07,16,8
1122274,144736,526923,138,198.09,2,1
1122276,144736,264386,66,91.0,4,1
1122277,144736,854940,227,297.91,8,3
1122279,144737,113567,34,50.29,3,0
1122282,144737,22859,6,9.42,1,0
1122288,144738,51754,13,20.52,1,0
1122290,144738,104347,28,38.14,4,3
1122303,144741,391998,97,142.05,3,1
1122304,144741,1111156,282,402.3,5,0
1122308,144741,427772,117,159.3,3,1
1122310,144742,536457,136,193.66,2,1
1122311,144742,179894,43,66.84,2,0
1122312,144742,479882,131,178.67,6,0
1122313,144742,358261,91,130.36,1,0
1122316,144743,346688,88,114.86,2,0
1314296,179863,33445,2,3.2,1,0
1314297,179864,72228,5,7.53,4,4
1314298,179865,49699,2,2.69,2,1
1314299,179866,189761,18,27.33,4,1
1314301,179868,312524,37,53.79,2,0
1314303,179870,496760,42,61.01,10,3
1314306,179873,310988,34,46.67,11,3
1314307,179874,98606,9,12.11,1,0
1314308,179875,51104,2,3.2,3,1
1314309,179876,276762,22,32.09,5,1
1314312,179879,33534,2,2.96,1,1
1314313,179880,128859,16,23.7,1,0
1314314,179881,92080,12,16.94,3,2
1314316,179883,211882,33,46.65,3,1
1314318,179885,112776,9,12.68,1,0
1314319,179886,145324,14,19.82,2,1
1314320,179887,106492,14,21.26,2,0
1314321,179888,233845,30,40.73,3,0
1314323,179890,155426,17,25.01,3,0
1314324,179891,97540,8,11.52,2,1
1314325,179892,61441,5,7.7,1,0
1314326,179893,76703,9,12.15,3,1
1314327,179894,68619,10,14.96,1,0
1314330,179897,17559,1,1.49,1,1
1314331,179898,137879,19,28.47,2,0
1314332,179899,67710,10,15.15,1,0
1314333,179900,348180,41,60.23,3,1
1314334,179901,146246,18,28.72,3,1
1314336,179903,187236,24,34.87,2,2
1314337,179904,72157,9,13.5,1,1
1314338,179905,91180,10,13.56,1,0
1314339,179906,86293,6,9.26,1,1
1314341,179908,101410,12,17.94,4,0
1314343,179910,134245,18,25.75,2,1
1314345,179912,125650,20,30.08,4,0
1314346,179913,50406,5,7.26,1,1
1314348,179915,121769,13,18.42,2,1
1314349,179916,267106,34,50.5,4,1
1314350,179917,365539,57,82.14,5,2
1314351,179918,188758,25,36.6,2,1
1314353,179920,108426,13,19.58,1,0
1314354,179921,138525,9,13.65,3,0
1314355,179922,150858,21,30.26,1,0
1314357,179924,524306,81,113.68,10,4
1314358,179925,104496,9,11.43,3,2
1314359,179926,452519,68,99.52,7,2
1314360,179927,442919,76,110.78,21,2
1314361,179928,596831,86,120.88,11,0
1314362,179929,173912,26,35.54,2,1
1314363,179930,780967,86,119.64,20,4
1314364,179931,132124,8,11.19,4,0
1314365,179932,623137,100,138.92,12,1
1314366,179933,99020,10,14.48,4,1
1314367,179934,665817,117,163.8,23,9
1314368,179935,699232,80,111.99,12,3
1314371,179938,72982,11,15.05,1,0
1314372,179939,975884,167,237.32,14,3
1314373,179940,245607,33,47.88,3,1
1314377,179944,485369,114,164.64,3,0
1314378,179945,866355,139,200.83,11,5
1314379,179946,502710,72,105.22,8,2
1314380,179947,475184,88,127.32,4,1
1314381,179948,357401,47,68.67,8,1
1314382,179949,99810,14,20.05,2,0
1314383,179950,81569,6,9.41,3,1
1314384,179951,441192,53,77.6,6,2
1314385,179952,90470,11,16.73,1,1
1314386,179953,834243,166,246.75,18,7
1314387,179954,696612,152,223.19,31,9
1314388,179955,329333,48,67.61,1,0
1314389,179956,1114711,224,319.0,6,0
1314390,179957,267316,58,82.93,3,0
1314391,179958,228629,38,57.0,2,0
1314392,179959,758340,159,233.11,13,4
1314393,179960,877535,149,217.78,5,2
1314394,179961,1357386,223,323.06,10,1
1314395,179962,280240,61,87.99,2,2
1314396,179963,419922,75,105.45,3,1
1314397,179964,402975,83,120.9,1,0
1314398,179965,1137635,211,301.05,30,10
1314400,179967,250234,40,62.32,4,1
1314401,179968,904907,195,279.22,11,1
1314402,179969,589270,107,158.05,10,4
1314403,179970,168714,24,36.01,2,2
1314404,179971,71982,11,16.34,1,0
1314405,179972,558666,110,162.64,14,5
1314406,179973,1118200,235,333.75,11,4
1314407,179974,107100,23,33.71,1,0
1314408,179975,877769,160,232.59,13,4
1314409,179976,212508,33,47.69,4,1
1314410,179977,1129773,252,358.19,13,2
1314411,179978,637549,120,173.88,3,0
1314412,179979,151531,28,40.29,2,0
1314414,179981,790253,135,198.71,8,2
1314415,179982,513161,114,165.61,5,2
